source,author,title,description,url,urlToImage,publishedAt,content
"{'id': None, 'name': 'Dezeen'}",Kate Mazade,MODA ramps rooftop garden along Calgary multifamily housing,"Local architecture studio Modern Office of Design + Architecture has wrapped a multifamily housing development in wood siding and topped it with ramped roof gardens in Calgary, Alberta. Read more",https://www.dezeen.com/2024/08/16/moda-rooftop-garden-calgary-multifamily-housing/,https://static.dezeen.com/uploads/2024/08/moda-grow-canada-full-res_dezeen_2364_hero-600x600.jpg,2024-08-16T17:00:53Z,"Local architecture studio Modern Office of Design + Architecture has wrapped a multifamily housing development in wood siding and topped it with ramped roof gardens in Calgary, Alberta.
Known as GRO… [+4136 chars]"
"{'id': None, 'name': 'Autoblog'}",Stephen Williams,Fake parking tickets are a scam bedeviling unsuspecting drivers,"Filed under:
 Government/Legal,Weird Car News
 Continue reading Fake parking tickets are a scam bedeviling unsuspecting drivers
Fake parking tickets are a scam bedeviling unsuspecting drivers originally appeared on Autoblog on Sun, 25 Aug 2024 08:00:00 EDT. P…",https://www.autoblog.com/2024/08/25/fake-parking-tickets-are-a-scam-bedeviling-unsuspecting-drivers/,https://edgecast-img.yahoo.net/mysterio/api/54A6CA87B613213526B1DE1E201B958BE395FC82A068EA5CAF563004D3095CE1/autoblog/resizefill_w1200_h675;quality_85;format_webp;cc_31536000;/https://s.aolcdn.com/images/dims3/GLOB/legacy_thumbnail/1200x675/format/jpg/quality/100/https://s.aolcdn.com/os/ab/_cms/2022/12/27103734/Fake-parking-tickets.jpg,2024-08-25T12:00:00Z,"As if paying a parking ticket wasnt the cause of enough frustration, consider sending off your bank details to pay a fake ticket, and getting scammed in the process.
According to Carscoops, criminal… [+1233 chars]"
"{'id': 'business-insider', 'name': 'Business Insider'}",Grace Dean,I'm a Costco superfan. The prices are hard to beat and you can get pretty much anything there — I've even booked my mom a cruise.,"Michael McKinlay, a self-proclaimed Costco ""superfan,"" has used it to buy hockey sticks, hire rental cars, and even book a cruise for his mom.",https://www.businessinsider.com/costco-superfan-why-i-love-costco-prices-cruise-hearing-aids-2024-8,https://i.insider.com/66bb483ab4912df3ae1b0cb6?width=1200&format=jpeg,2024-08-17T10:33:02Z,"Michael McKinlay describes himself as a Costco superfan.Courtesy of Terumi Morita
<ul><li>Michael McKinlay, 46, from Calgary, describes himself as a Costco superfan.</li><li>As well as its low price… [+5832 chars]"
"{'id': None, 'name': 'NPR'}",The Associated Press,Arbitration hearing between Canadian railroads and union ends with no decision,A workers union threatened a strike at one of Canada’s two major railroads. A government-ordered arbitration hearing ended without a decision. Trains are expected to keep moving through Monday.,https://www.npr.org/2024/08/24/g-s1-19431/arbitration-hearing-canadian-railroads-union-ends-no-decision,https://npr.brightspotcdn.com/dims3/default/strip/false/crop/4000x2250+0+236/resize/1400/quality/100/format/jpeg/?url=http%3A%2F%2Fnpr-brightspot.s3.amazonaws.com%2Fbf%2Fb9%2Ff5b4702a4e7f96091310ba409e30%2Fap24236576384286.jpg,2024-08-24T04:53:59Z,"TORONTO A workers union on Friday threatened a strike at one of Canadas two major freight railroads, only hours after the companys trains restarted following a potentially devastating stoppage. A gov… [+6479 chars]"
"{'id': None, 'name': 'Contemporist.com'}",Erin,A Dark Wood Exterior Complements The Forest Surrounding This Modern Home,"Design and build company Alloy Homes Incorporated, has sent us photos of a new home they completed in Calgary, Alberta, that was artfully designed around its relationship with the mature urban forest across the street",https://www.contemporist.com/a-dark-wood-exterior-complements-the-forest-surrounding-this-modern-home/,https://www.contemporist.com/wp-content/uploads/2024/08/forest-house-dark-exterior-architecture-150824-843-01a.jpg,2024-08-16T12:40:18Z,"Design and build company Alloy Homes Incorporated, has sent us photos of a new home they completed in Calgary, Alberta, that was artfully designed around its relationship with the mature urban forest… [+921 chars]"
"{'id': None, 'name': 'Quartz India'}",Ryan Erik King / Jalopnik,Bank accounts are being emptied thanks to scammers using fake parking tickets,Parking tickets are the latest vector for scammers to empty out bank accounts from New York to Southern California. Calgary became the latest North American city to address the growing trend of fake tickets on Tuesday. The Canadian city’s parking authority ad…,https://qz.com/scammers-are-using-fake-parking-tickets-to-empty-bank-a-1851619362,"https://i.kinja-img.com/image/upload/c_fill,h_675,pg_1,q_80,w_1200/cf8d85919afd488225de11b216d720c7.jpg",2024-08-12T13:41:53Z,Parking tickets are the latest vector for scammers to empty out bank accounts from New York to Southern California. Calgary became the latest North American city to address the growing trend of fake … [+1391 chars]
"{'id': None, 'name': 'Pitchfork'}",Matthew Strauss,"Godspeed You! Black Emperor Announce New Album “No Title as of 13 February 2024 28,340 Dead”, Share Song: Listen",The Canadian post-rock band will tour extensively in support of its follow-up to 2021’s G_d’s Pee at State’s End!,https://pitchfork.com/news/godspeed-you-black-emperor-announce-new-album-no-title-as-of-13-february-2024-28340-dead-share-song-listen/,"https://media.pitchfork.com/photos/665f1c05346b1b958065ff44/16:9/w_1280,c_limit/Godspeed-You-Black-Emperor.jpg",2024-08-28T09:46:08Z,"Godspeed You! Black Emperor:
09-27 Dublin, Ireland - National Stadium09-29 London, England - Troxy09-30 Glasgow, Scotland - Barrowlands10-01 Manchester, England - Ritz10-02 Bristol, England - Marble… [+1960 chars]"
"{'id': 'bleacher-report', 'name': 'Bleacher Report'}",Lyle Richardson,BS Meter on the Latest NHL Trade Rumors,"We are now well entrenched in the dog
days of the NHL offseason. With the best unrestricted free agents
under contract and the salary arbitration period…",https://bleacherreport.com/articles/10130719-bs-meter-on-the-latest-nhl-trade-rumors,"https://media.bleacherreport.com/image/upload/c_fill,g_faces,w_3800,h_2000,q_95/v1722779655/uoghdnti5neeo8yhnnwy.jpg",2024-08-06T11:00:00Z,"Columbus Blue Jackets winger Patrik Laine.Jason Mowry/Getty Images
We are well entrenched in the dog days of the NHL offseason. With the best unrestricted free agents under contract and the salary-a… [+1331 chars]"
"{'id': 'cbc-news', 'name': 'CBC News'}",,"July home sales dipped on monthly basis, but up from a year ago, says CREA","Canadian home sales edged back by 0.7 per cent in July, according to the Canadian Real Estate Association.",https://www.cbc.ca/news/business/july-crea-2024-1.7295238,https://i.cbc.ca/1.7221002.1717177672!/fileImage/httpImage/image.jpg_gen/derivatives/16x9_620/homes-for-sale.jpg,2024-08-15T13:18:18Z,"Canadian home sales dipped by 0.7 per cent in July from the month before, the Canadian Real Estate Association said on Thursday.
But monthly sales activity was 4.8 per cent higher than it was during… [+1200 chars]"
"{'id': None, 'name': 'Wikipedia.org'}",Contributors to Wikimedia projects,Ken Leishman,Comments,https://en.wikipedia.org/wiki/Ken_Leishman,https://upload.wikimedia.org/wikipedia/en/3/33/Ken_Leishman.jpg,2024-08-01T22:18:10Z,"Kenneth Leishman (June 20, 1931 December 14, 1979), also known as the Flying Bandit or the Gentleman Bandit was a Canadian criminal responsible for multiple robberies between 1957 and 1966. Leishman … [+9077 chars]"
"{'id': None, 'name': 'Deadline'}",Matthew Carey,"Hulu Orders ‘Fanatical: The Catfishing Of Tegan and Sara,’ About Scheme That Reeled In Followers Of Queer Indie Rock Band – Part “Thriller, Caper, Whodunnit”","Hulu has ordered a documentary on a catfishing scheme that entrapped fans of a popular Canadian rock duo. Fanatical: The Catfishing Of Tegan and Sara, directed by true crime specialist Erin Lee Carr, will debut on the streaming platform October 18. The film r…",http://deadline.com/2024/07/tegan-and-sara-catfishing-scheme-documentary-hulu-1236027060/,https://deadline.com/wp-content/uploads/2024/07/Fanatical_DA_Image-02.jpg?w=1024,2024-07-30T22:04:37Z,"Hulu has ordered a documentary on a catfishing scheme that entrapped fans of a popular Canadian rock duo.
Fanatical: The Catfishing Of Tegan and Sara, directed by true crime specialist Erin Lee Carr… [+2853 chars]"
"{'id': None, 'name': 'Deadline'}",Katie Campione,‘My Life With The Walter Boys’ Begins Season 2 Production; Becky Hartman Edwards Boards Netflix YA Series As EP,"The cast of Netflix’s My Life With the Walter Boys is back on set as production has officially begun on Season 2 in Calgary, Canada. Showrunner Melanie Halsall is back to steer the ship for the second installment, and Ed Glauser will executive produce the ser…",http://deadline.com/2024/08/my-life-with-the-walter-boys-season-2-start-of-production-producer-cast-changes-1236040216/,https://deadline.com/wp-content/uploads/2023/12/My-Life-With-the-Walter-Boys-2-120723-cfa93e924f9540a3a4422cff3f10fb81.jpeg?w=1000,2024-08-14T16:45:00Z,"The cast of Netflix‘s My Life With the Walter Boysis back on set as production has officially begun on Season 2 in Calgary, Canada.
Showrunner Melanie Halsall is back to steer the ship for the secon… [+2383 chars]"
"{'id': None, 'name': 'Infovis-wiki.net'}",,Visual Variables are a specified set of symbols that can be applied to data,Comments,https://infovis-wiki.net/wiki/Visual_Variables,,2024-08-04T23:10:47Z,"Purpose and Development
Our usual way of communicating is with words. Written words consist of single symbols (letters), gaining meaning when arranged in certain combinations. The question is: If th… [+4661 chars]"
"{'id': None, 'name': 'Quartz India'}",Melvin Backman,Canada exported so much gold and oil in June that it got a surprise trade surplus,"Canada just got a commodity-driven economic surprise. The country’s data hub, Statistics Canada, released numbers Tuesday that said the country exported C$638 million ($432 million) more in goods and services than it imported in June, far more than the C$2 bi…",https://qz.com/canada-exports-oil-gold-surprise-trade-surplus-1851614284,"https://i.kinja-img.com/image/upload/c_fill,h_675,pg_1,q_80,w_1200/d0322d25b8792be2080756ab1408fb33.jpg",2024-08-06T15:56:33Z,"Canada just got a commodity-driven economic surprise. The countrys data hub, Statistics Canada, released numbers Tuesday that said the country exported C$638 million ($432 million) more in goods and … [+1583 chars]"
"{'id': None, 'name': 'Space.com'}",daisy.dobrijevic@space.com (Daisy Dobrijevic),Northern lights delight as 'cannibal' solar storm triggers auroras across US and Canada (photos),A cannibal coronal mass ejection triggered impressive northern lights displays across the US and Canada. We've rounded up some of the best photos here.,https://www.space.com/northern-lights-cannibal-solar-storm-us-canada-photos,https://cdn.mos.cms.futurecdn.net/UFkVVc64xyo8FojDwBCVpg-1200-80.jpg,2024-07-31T13:31:40Z,"Over two days the sun launched a barrage of coronal mass ejections (CMEs) — expulsions of plasma and magnetic field — toward Earth. 
The first two CMEs combined and formed a ""cannibal CME"" which hit… [+6471 chars]"
"{'id': 'business-insider', 'name': 'Business Insider'}",Darius Rafieyan,Prosecutors used an AI tool to send a man to prison for life. Now the person who created it is under investigation.,Adam Mosher claimed his AI tool Cybercheck helped cops and prosecutors with thousands of cases. Now he's under investigation for false testimony.,https://www.businessinsider.com/ai-crime-tool-cybercheck-founder-adam-mosher-investigation-2024-8,https://i.insider.com/66acfcaba5247369a3e918d7?width=1200&format=jpeg,2024-08-06T16:53:29Z,"Getty Images; Jenny Chang-Rodriguez/BI
In America, when you're charged with a crime, you're afforded the right to face your accuser. But what happens when your accuser isn't human?In 2022, over five… [+15811 chars]"
"{'id': None, 'name': 'Yahoo Entertainment'}",Zacks Equity Research,"ExxonMobil Warns of Oil Supply Risks, Prices Could Surge 5X","XOM's analysis suggests that without sustained investment, global oil supply could shrink to 30 million bpd as early as 2030, potentially driving oil prices ...",https://finance.yahoo.com/news/exxonmobil-warns-oil-supply-risks-165700445.html,https://media.zenfs.com/en/zacks.com/b81ac34444d94825c1ca7ea33d2f8831,2024-08-27T16:57:00Z,"Exxon Mobil Corporation XOM forecasts that global crude oil demand will remain robust, exceeding 100 million barrels per day (bpd) through 2050, per a Reuters report.
This outlook, significantly hig… [+4103 chars]"
"{'id': None, 'name': 'Biztoc.com'}",theglobeandmail.com,Cenovus Energy posts higher quarterly profit estimates,"Cenovus Energy CVE-T posted a rise in second-quarter profit on Thursday, as the Canadian oil and gas company benefited from higher throughput volumes and an increase in production.
The Calgary-based company’s net income rose to $1 billion, or 53 cents per sha…",https://biztoc.com/x/aa6f268fb68b7815,https://biztoc.com/cdn/aa6f268fb68b7815_s.webp,2024-08-01T11:00:06Z,"Cenovus Energy CVE-T posted a rise in second-quarter profit on Thursday, as the Canadian oil and gas company benefited from higher throughput volumes and an increase in production.The Calgary-based c… [+135 chars]"
"{'id': None, 'name': 'Stereogum'}",Katherine St. Asaph,Sabrina Carpenter’s Smart N’ Funny Short N’ Sweet Skewers Male Misbehavior With The Best Of ’Em,"Sabrina Carpenter is funny – funny on purpose. A lot of people have suddenly realized this at the same time. This isn’t news, though, to people who saw her steal scenes as a snarky tween in Disney’s sitcom Girl Meets World. (The character-actor-to-pop-girlie …",https://www.stereogum.com/2277730/sabrina-carpenter-short-n-sweet-review/columns/chained-to-the-rhythm/,https://static.stereogum.com/uploads/2024/08/LEADPRESS-1724697920.jpeg,2024-08-26T20:05:09Z,"Sabrina Carpenter is funny funny on purpose. A lot of people have suddenly realized this at the same time. This isn’t news, though, to people who saw her steal scenes as a snarky tween in Disney’s si… [+7361 chars]"
"{'id': 'cbc-news', 'name': 'CBC News'}",,The cheers and jeers of Danielle Smith's private party summer,"The premier, facing a leadership review this fall, is touring Alberta to hear what the UCP grassroots wants. Among the wishes: a pension plan and a crackdown on vaccines.",https://www.cbc.ca/news/canada/calgary/danielle-smith-ucp-leadership-review-private-analysis-1.7289350,https://i.cbc.ca/1.6609378.1723155536!/cpImage/httpImage/image.jpg_gen/derivatives/16x9_620/danielle-smith-wins-ucp-leadership.jpg,2024-08-09T08:00:38Z,"A couple of Tuesdays ago, Premier Danielle Smith's evening began with her facing heat for not rushing to ban COVID vaccines for children.
Then it moved on to Smith having to answer about why she was… [+8156 chars]"
"{'id': None, 'name': 'MobileSyrup'}",Bradly Shankar,PlayStation Canada partners with Best Buy on in-store Astro Bot demos,"PlayStation has teamed up with Best Buy in Canada to offer a playable demo of Astro Bot in some the electronic retailer’s stores. Starting August 26th, Canadians can visit one of the following Best Buy stores to go hands-on with the highly anticipated PS5 pla…",https://mobilesyrup.com/2024/08/26/playstation-canada-best-buy-in-store-astro-bot-demos/,https://cdn.mobilesyrup.com/wp-content/uploads/2024/08/astro-bot-header-scaled.jpg,2024-08-26T21:01:59Z,"PlayStation has teamed up with Best Buy in Canada to offer a playable demo of Astro Bot in some the electronic retailer’s stores.
Starting August 26th, Canadians can visit one of the following Best … [+2518 chars]"
"{'id': None, 'name': 'Clinical Trials Arena'}",GlobalData,Arch Biopartners’ cilastatin enters Phase II trial for AKI prevention,The Universities of Calgary and Alberta-based clinical team received $1.5m funding from CIHR for the trial.,https://www.clinicaltrialsarena.com/news/arch-cilastatin-trial-aki/,https://s.yimg.com/ny/api/res/1.2/wwKNRiEFABzIgDFVeClIEQ--/YXBwaWQ9aGlnaGxhbmRlcjt3PTEyMDA7aD02NDQ-/https://media.zenfs.com/en/clinical_trials_arena_396/5cfb5a3220ecced41357aa0dfbcc6678,2024-08-05T08:52:23Z,"Arch Biopartners has announced that its drug candidate cilastatin will be analysed in the upcoming Phase II PONTIAC clinical trial, which aims to prevent acute kidney injury (AKI) caused by nephrotox… [+2741 chars]"
"{'id': 'time', 'name': 'Time'}",Matt Fuchs,How Being Spontaneous Can Make You Feel Younger,People become less spontaneous with age. But researchers have recently identified ways to increase spontaneity for well-being and longevity.,https://time.com/7005581/how-to-be-more-spontaneous/,https://api.time.com/wp-content/uploads/2024/07/TIME.COMSpontaneous.gif?w=1200&h=628&crop=1,2024-08-01T18:17:29Z,"My nine-year-old skips, jumps, flails his arms, jumps some more, kicks, skip-jumps, stops by to punch me in the leg, and continues. He drifts through the house to the energetic pop rock of his favori… [+11460 chars]"
"{'id': None, 'name': 'Screen Rant'}",Sarah Novack,Unsolved Mysteries' Amanda Antoni Case: True Story & Updates,"Amanda Antoni was found dead in her basement, in October 2015. However, detectives were unable to conclude if her death was an accident or a murder.",https://screenrant.com/unsolved-mysteries-amanda-antoni-case-true-story-updates/,https://static1.srcdn.com/wordpress/wp-content/uploads/2024/07/amanda.jpg,2024-08-01T10:30:11Z,"Summary
<ul><li> ""Unsolved Mysteries"" covers a mix of high-profile and lesser-known cases, including the tragic death of Amanda Antoni. </li><li> New evidence introduced in Amanda Antoni's case led … [+8044 chars]"
"{'id': None, 'name': 'Longreads.com'}",Krista Stevens,"Here a Bee, There a Bee, Everywhere a Wild Bee","""Biologists are finding new bee species all over the Pacific Northwest—highlighting how little we know about native pollinators.""",http://longreads.com/2024/08/28/here-a-bee-there-a-bee-everywhere-a-wild-bee/,,2024-08-28T15:02:07Z,Anne Casselman takes us to the wilderness of British Columbia to follow melittologists (bee biologists) as they discover and catalogue new species of bees. The process can involve harvesting specimen… [+1210 chars]
"{'id': 'al-jazeera-english', 'name': 'Al Jazeera English'}",Al Jazeera,"CN workers to strike Monday, vow to fight Canada move to end rail shutdown","Announcement is latest twist in labour dispute at Canada's top two railroads, which locked out more than 9,000 workers.",https://www.aljazeera.com/economy/2024/8/23/cn-workers-to-strike-monday-vow-to-fight-canada-move-to-end-rail-shutdown,https://www.aljazeera.com/wp-content/uploads/2024/08/canada-1724306932.jpg?resize=1920%2C1440,2024-08-23T18:25:14Z,"The union representing workers at the Canadian National Railway (CN) says they will strike next week, in a new threat to the economy after promising to challenge a government decision to end an unpre… [+3520 chars]"
"{'id': 'cbc-news', 'name': 'CBC News'}",,Booming solar industry has a growing appetite for weed-chomping crews,The growing number of large-scale solar fields has created an increased need for animals to help control the weeds and other vegetation. Research is underway to explore what other types of animals could be used on solar sites.,https://www.cbc.ca/news/canada/calgary/bakx-agrivoltaics-alberta-sheep-pigs-1.7287853,https://i.cbc.ca/1.7287921.1723065466!/fileImage/httpImage/image.jpg_gen/derivatives/16x9_620/solar-pigs-and-sheep.jpg,2024-08-12T08:00:00Z,"Under a blistering sun, Janna Grier hops out of her pickup truck to start moving hoses to fill up water troughs for her flock of sheep. One thousand of the shaggy, four-legged animals are spending th… [+5966 chars]"
"{'id': 'cbc-news', 'name': 'CBC News'}",,Albertans sought respite during record-hot July. Spike in electricity use suggests they found AC,"Alberta households have historically been slow to adopt air conditioners to cool their homes. But with four cities in the province hitting hottest-ever temperatures last month, that might be changing.",https://www.cbc.ca/news/canada/edmonton/alberta-hot-july-boosts-demand-for-air-conditioning-1.7281280,https://i.cbc.ca/1.7283163.1722553076!/cpImage/httpImage/image.jpg_gen/derivatives/16x9_620/edmonton-heat-wave.jpg,2024-08-05T08:00:00Z,"Sweating through day after day of a heat wave that wouldn't break, many Albertans bit the bullet and sought out air conditioning.
""The calls were fast and furious,"" said Teseo Berardi, service manag… [+5600 chars]"
"{'id': 'cbc-news', 'name': 'CBC News'}",,"On the brink of a rail strike, some companies turn to trucking","On the eve of an unprecedented railway stoppage, some logistics firms are enlisting trucks to ship goods that otherwise would’ve been sent by rail.",https://www.cbc.ca/news/business/rail-strike-trucking-1.7300196,https://i.cbc.ca/1.6625505.1688070860!/fileImage/httpImage/image.jpeg_gen/derivatives/16x9_620/mullen-group.jpeg,2024-08-21T01:05:37Z,"On the possible eve of an unprecedented railway stoppage, some logistics firms are enlisting trucks to ship goods that otherwise would've been sent by rail though there are limits to how much this st… [+3980 chars]"
"{'id': 'espn', 'name': 'ESPN'}",,CFL reinstates Kelly on 'last-chance agreement',Chad Kelly returned to the Toronto Argonauts on Sunday after the quarterback was reinstated by the Canadian Football League.,https://www.espn.com/espn/story/_/id/40908254/cfl-reinstates-qb-chad-kelly-last-chance-agreement,https://a4.espncdn.com/combiner/i?img=%2Fphoto%2F2024%2F0507%2Fr1329726_1024x576_16%2D9.jpg,2024-08-18T20:39:42Z,"VAUGHAN, Ontario -- Chad Kelly returned to the Toronto Argonauts on Sunday after the quarterback was reinstated by the Canadian Football League.
Kelly, who was the CFL's most outstanding player last… [+3483 chars]"
"{'id': 'cbc-news', 'name': 'CBC News'}",,Trial of ex-Canadian world junior hockey players in sexual assault case set for September 2025,"Five players accused of sexually assaulting a woman after a London, Ont., gala celebrating their 2018 world junior hockey win will stand trial beginning in September 2025.",https://www.cbc.ca/news/canada/london/trial-of-ex-canadian-world-junior-hockey-players-in-sexual-assault-case-set-for-september-2025-1.7293552,https://i.cbc.ca/1.7099884.1707358359!/fileImage/httpImage/image.jpg_gen/derivatives/16x9_620/hockey-players-sexual-assault-charges.jpg,2024-08-13T20:02:19Z,"WARNING: This article references sexual assault and may affect those who have experienced sexual violence or know someone affected by it.
Five players accused of sexually assaulting a woman after a … [+1891 chars]"
"{'id': None, 'name': 'Just Jared'}",Just Jared,"'My Life with the Walter Boys' Season 2 Starts Production, Returning Cast Revealed","My Life with the Walter Boys is headed into production! Netflix revealed on Wednesday (August 14) that the drama series, based on the book of the same name by Ali Novak, has starting filming on the second season in Calgary, Canada. Here’s a season one synopsi…",https://www.justjared.com/2024/08/14/my-life-with-the-walter-boys-season-2-starts-production-returning-cast-revealed/,https://cdn01.justjared.com/wp-content/uploads/headlines/2024/08/walter-boys-two.jpg,2024-08-14T17:00:22Z,"My Life with the Walter Boys is headed into production!
Netflix revealed on Wednesday (August 14) that the drama series, based on the book of the same name by Ali Novak, has starting filming on the … [+1142 chars]"
"{'id': None, 'name': 'Just Jared'}",Just Jared,'Taste' Video Boyfriend Revealed: Meet Rohan Campbell & Find Out Where You Know Him From!,"Sabrina Carpenter released her new music video for “Taste” and she had two fellow actors at her side, one being Rohan Campbell. Rohan is a 26-year-old actor from Calgary, Canada and is best known for his roles in a Hulu series as well as a legendary horror fr…",https://www.justjared.com/2024/08/23/taste-video-boyfriend-revealed-meet-rohan-campbell-find-out-where-you-know-him-from/,https://cdn01.justjared.com/wp-content/uploads/headlines/2024/08/rohan-bloody-taste.jpg,2024-08-23T17:17:37Z,"Sabrina Carpenter released her new music video for “Taste” and she had two fellow actors at her side, one being Rohan Campbell.
Rohan is a 26-year-old actor from Calgary, Canada and is best known fo… [+1630 chars]"
"{'id': None, 'name': 'Consequence.net'}",Bryan Kress,How to Get Tickets to Bruce Springsteen and the E Street Band’s 2024 Tour,"Bruce Springsteen and the E Street Band are touring together again after six years. Learn how to get last-minute tickets here.
How to Get Tickets to Bruce Springsteen and the E Street Band’s 2024 Tour
Bryan Kress",https://consequence.net/2024/08/how-to-buy-bruce-springsteen-e-street-band-tickets-tour/,https://consequence.net/wp-content/uploads/2022/09/new-jersey-congressman-bruce-springsteen-ticketmaster-dynamic-pricing.jpg,2024-08-14T21:13:13Z,"At last, Bruce Springsteen and the E Street Band have resumed their world tour in 2024.
Springsteen was forced to cut short his 2023 tour due to a bout with peptic ulcer disease. However, he’s now h… [+3249 chars]"
"{'id': None, 'name': 'Paddle Your Own Kanoo'}",Paddle Your Own Kanoo,Canadian Airline Westjet Grounds 10% of its Fleet After 16 Aircraft Sustain ‘Significant’ Damage During Severe Hailstorm at Calgary Airport,Calgary-based Canadian airline Westjet says it has been forced to ground 10% of its entire aircraft fleet after 16 planes sustained ‘significant’ damage when a severe hailstorm struck Calgary Airport on Monday evening. The embattled carrier has warned passeng…,https://www.paddleyourownkanoo.com/2024/08/07/canadian-airline-westjet-grounds-10-of-its-fleet-after-16-aircraft-sustain-significant-damage-during-severe-hailstorm-at-calgary-airport/,https://www.paddleyourownkanoo.com/wp-content/uploads/2024/06/shutterstock_2255478023-scaled.jpg,2024-08-07T16:56:43Z,Calgary-based Canadian airline Westjet says it has been forced to ground 10% of its entire aircraft fleet after 16 planes sustained ‘significant’ damage when a severe hailstorm struck Calgary Airport… [+2331 chars]
"{'id': None, 'name': 'Just Jared'}",Just Jared,Gossip Girl's Jessica Szohr Marries Longtime Love Brad Richardson!,"Jessica Szohr is married! It was announced on Sunday (August 18) that the 39-year-old Gossip Girl alum married longtime love Brad Richardson earlier this month. Since then, Jessica has shared some photos from the big day on Instagram, including one shot all o…",https://www.justjared.com/2024/08/23/gossip-girls-jessica-szohr-marries-longtime-love-brad-richardson/,https://cdn01.justjared.com/wp-content/uploads/headlines/2024/08/szohr-brad.jpg,2024-08-23T16:29:20Z,"Jessica Szohr is married!
It was announced on Sunday (August 18) that the 39-year-old Gossip Girl alum married longtime love Brad Richardson earlier this month.
Since then, Jessica has shared some … [+713 chars]"
"{'id': None, 'name': 'Thebulkheadseat.com'}",The Bulkhead Seat,10% of WestJet’s Fleet Grounded After Hailstorm in Calgary,"Canadian airline WestJet saw 16 of its aircraft (10% of its fleet) grounded after…
The post 10% of WestJet’s Fleet Grounded After Hailstorm in Calgary appeared first on The Bulkhead Seat.",https://thebulkheadseat.com/10-of-westjets-fleet-grounded-after-hailstorm-in-calgary/,https://thebulkheadseat.com/wp-content/uploads/2023/06/WestJet-scaled.jpg,2024-08-07T23:23:14Z,8Advertiser &amp; Editorial Disclosure: The Bulkhead Seat earns an affiliate commission for anyone approved through the links below. This compensation may impact how and where links appear on this si… [+3007 chars]
"{'id': None, 'name': 'Phys.Org'}",Jessica Marsh,New study reveals new intricate behaviors of deep-sea currents,"A new study has revealed that changes in the ocean floor impact currents, giving new insight into the deep-sea pathways of nutrients and pollutants.",https://phys.org/news/2024-07-reveals-intricate-behaviors-deep-sea.html,https://scx2.b-cdn.net/gfx/news/hires/2024/new-study-reveals-new-1.jpg,2024-07-31T13:13:59Z,"A new study has revealed that changes in the ocean floor impact currents, giving new insight into the deep-sea pathways of nutrients and pollutants.
The study, published in Nature Geoscience by scie… [+4437 chars]"
"{'id': None, 'name': 'blogTO'}",Daily Hive,Edmonton named the best city for Toronto residents to 'rentvest',"If you're looking to break into the Toronto housing market but saving up enough for a down payment feels out of reach, it turns out there is a lucrative way to save enough to buy your first home: becoming a landlord.
Real estate platform Zoocasa suggests Tor…",https://www.blogto.com/real-estate-toronto/2024/08/edmonton-named-best-city-toronto-residents-rentvest/,https://media.blogto.com/articles/20240823-edmonton-rent-toronto.jpg?w=1200&cmd=resize_then_crop&height=630&quality=70,2024-08-23T17:08:08Z,"If you're looking to break into the Toronto housing market but saving up enough for a down payment feels out of reach, it turns out there is a lucrative way to save enough to buy your first home: bec… [+1939 chars]"
"{'id': None, 'name': 'Courrier International'}",Martin Gauthier,Les jeunes générations ont plus de risque de développer ces 17 cancers,"Selon une vaste étude comparative américaine, les personnes nées dans les années 1990 courent un risque plus élevé que les baby-boomers de développer certains cancers. Plus de la moitié des 17 cancers concernés sont liés au surpoids.",https://www.courrierinternational.com/article/sante-les-jeunes-generations-ont-plus-de-risque-de-developper-ces-17-cancers_221139,https://focus.courrierinternational.com/2024/08/05/0/0/3600/2400/1200/630/60/0/6132ed5_cancer-screening.jpg,2024-08-12T15:51:00Z,"Des chercheurs de la Société américaine du cancer, qui ont étudié 34 types de cancer sur un échantillon de 23 millions de patients américains nés entre 1920 et 1990, ont publié leurs conclusions dans… [+2092 chars]"
"{'id': None, 'name': 'Vintag.es'}",Unknown,Portraits of Alberta First Nations Taken by Harry Pollard From the Early 20th Century,First Nations in Alberta are a group of people who live in the Canadian province of Alberta. The First Nations are peoples (or nations) reco...,https://www.vintag.es/2024/08/alberta-first-nations-portraits.html,https://blogger.googleusercontent.com/img/b/R29vZ2xl/AVvXsEjgb4y2S7FIXG8q79RYQ8KKeAepYLCtjfw8Btq3hMI6yJH9G5qX9AAjmAb8jEnide8bjJ_0-x6KuzboNsjfeQFSgiNzrYOJ0b5R-7RwtF6IkgrQFOUuvLwzC3Ybq1QueQAQRy7VdMU7djOK8yh99D9d7Orjl8GihaLqNIknCFmJ9IeLs4Ghyphenhyphennz-eA9ciBU/w1200-h630-p-k-no-nu/alberta-first-nations-portraits.jpg,2024-08-01T16:04:00Z,First Nations in Alberta are a group of people who live in the Canadian province of Alberta. The First Nations are peoples (or nations) recognized as Indigenous peoples or Plains Indians in Canada ex… [+2114 chars]
"{'id': 'cbc-news', 'name': 'CBC News'}",,Privatization concerns sparked by potential new Alberta health-care 'prototype',"Proponents behind a new health-care project say they hope it could serve as a prototype for other communities across Alberta struggling to serve residents amid a health-care crisis. But it has simultaneously raised concerns from public health advocates, who w…",https://www.cbc.ca/news/canada/calgary/alberta-airdrie-one-health-ahs-urgent-care-1.7297676,https://i.cbc.ca/1.7297685.1723931824!/fileImage/httpImage/image.jpg_gen/derivatives/16x9_620/dr-julian-kyne.jpg,2024-08-19T08:00:00Z,"Alberta Health is currently exploring a proposed ""campus"" in the city of Airdrie that would see a ""one-stop shop"" built that aims to serve most health-care needs in the municipality located north of … [+11290 chars]"
"{'id': None, 'name': 'IndieWire'}",Ryan Lattanzio,Justin Kurzel on ‘The Order’ and Making His ‘Life-Changing’ Doc ‘Ellis Park’: ‘I Didn’t Come Out the Same Person’,Australian director Justin Kurzel on the life-changing experience of directing 'Ellis Park' and his upcoming Venice premiere 'The Order.',https://www.indiewire.com/features/interviews/justin-kurzel-ellis-park-the-order-1235037508/,https://www.indiewire.com/wp-content/uploads/2024/08/MIFF_EJustin-Kurzel-and-Warren-Ellis-0082024_cr.-Rich-Lowe.jpg?w=650,2024-08-18T16:00:00Z,"Straight off the plane from New York, where he is mid-production on the Netflix series “Black Rabbit,” director Justin Kurzel debuted his new documentary “Ellis Park” at the Melbourne International F… [+5966 chars]"
"{'id': None, 'name': 'The-sun.com'}",Olivia Salamone,Woman dead at O'Hare after being trapped in conveyor belt...,"A WOMAN has been found dead in the luggage conveyor belt at Chicago’s O’Hare International Airport. On Thursday at around 8 am, the Chicago Fire Department raced to Terminal 5 of O̵…",https://www.the-sun.com/news/12147464/woman-found-dead-baggage-area-chicago-ohare-airport/,https://www.the-sun.com/wp-content/uploads/sites/6/2024/08/BB-OHARE-SCARE-OFFPLATFORM-copy.jpg?strip=all&quality=100&w=1920&h=1080&crop=1,2024-08-08T17:49:37Z,"A WOMAN has been found dead in the luggage conveyor belt at Chicago's O'Hare International Airport.
On Thursday at around 8 am, the Chicago Fire Department raced to Terminal 5 of O'Hare Internationa… [+3944 chars]"
"{'id': None, 'name': '[Removed]'}",,[Removed],[Removed],https://removed.com,,1970-01-01T00:00:00Z,[Removed]
"{'id': None, 'name': 'Typepad.com'}",Brian Leiter,In Memoriam: John Woods (1937-2024),"Professor Woods, who died on August 15, was an expert in logic (esp. informal logic) and metaphysics, who taught philosophy and also held administrative posts at many universities in Canada, ncluding the University of Toronto, the University of Victoria (wher…",https://leiterreports.typepad.com/blog/2024/08/in-memoriam-john-woods-1937-2024.html,,2024-08-17T15:18:31Z,"Professor Woods, who died on August 15, was an expert in logic (esp. informal logic) and metaphysics, who taught philosophy and also held administrative posts at many universities in Canada, ncluding… [+502 chars]"
"{'id': None, 'name': 'Imagazine.pl'}",Wojtek Pietrusiewicz,Calgary International Airport (CYYC),"Lotnisko Calgary (ICAO: CYYC) jest jednym z głównych portów lotniczych w Kanadzie, położonym w mieście Calgary w prowincji Alberta. Jest to czwarte co do wielkości lotnisko w Kanadzie pod względem liczby obsługiwanych pasażerów i ruchu lotniczego. Lotnisko Ca…",https://imagazine.pl/2024/08/04/calgary-international-airport-cyyc/,https://imagazine.pl/wp-content/uploads/2024/07/CYYC-2023-11-27-0-hero.jpg,2024-08-04T08:00:08Z,"Lotnisko Calgary (ICAO: CYYC) jest jednym z gównych portów lotniczych w Kanadzie, pooonym w miecie Calgary w prowincji Alberta. Jest to czwarte co do wielkoci lotnisko w Kanadzie pod wzgldem liczby o… [+1635 chars]"
"{'id': None, 'name': 'Futura'}",Futura avec ETX Daily Up,Entretien d'embauche : les méthodes scientifiques pour faire la différence,Aussi stressant qu'incontournable : l'entretien d'embauche est souvent source de sueurs froides pour les candidats comme pour les recruteurs. Il n'en fallait pas plus pour que la science s'y intéresse et mette au point une méthode à appliquer pour tenter d'op…,https://www.futura-sciences.com/sciences/actualites/entretien-embauche-entretien-embauche-methodes-scientifiques-faire-difference-115570/,https://cdn.futura-sciences.com/buildsv6/images/largeoriginal/5/a/9/5a91906060_50220142_entretien-embauche-emploi.jpg,2024-08-28T11:08:38Z,"Les entretiens d'embauche, avec leurs questions classiques comme « Quelles sont vos trois principales qualités ? » ou « Pourquoi vous et pas un.e autre », sont souvent perçus comme un rituel incontou… [+2557 chars]"
"{'id': None, 'name': 'blogTO'}",Daily Hive,Canadian woman with 'Rolodex memory' is like a Costco encyclopedia,"If Canada had an unofficial Costco queen, it would be Tina Chow.
The Calgary resident is a Costco enthusiast whose passion for finding deals at the big-box store has gained a massive following on her YYC Canada Costco Lovers social media accounts.
In an int…",https://www.blogto.com/eat_drink/2024/08/canadian-woman-memory-costco-encyclopedia/,https://media.blogto.com/articles/20240816-costco-canada.jpg?w=1200&cmd=resize_then_crop&height=630&quality=70,2024-08-16T15:27:45Z,"If Canada had an unofficial Costco queen, it would be Tina Chow.
The Calgary resident is a Costco enthusiast whose passion for finding deals at the big-box store has gained a massive following on he… [+8899 chars]"
"{'id': None, 'name': 'Seznam.cz'}",,"Když prší v letištní hale. Cestující v dějišti zimních olympijských her napřed natáčeli, pak zděšeně prchali před padajícím stropem","Zpoždění letadla není ve frekventovaném období letních prázdnin ničím výjimečným. Aby ale byla důvodem bouřka tak silná, že prší i ze stropu letištní haly, se jen tak nestává. Krupobití v kanadském Calgary v pondělí poškodilo 16 letadel, mělo na svědomí zruše…",https://cmp.seznam.cz/nastaveni-souhlasu?return_url=https%3A%2F%2Fwww.novinky.cz%2Fclanek%2Fcestovani%2Dkdyz%2Dprsi%2Dv%2Dletistni%2Dhale%2Dcestujici%2Dnapred%2Dnataceli%2Dpak%2Dzdesene%2Dprchali%2Dpred%2Dpadajicim%2Dstropem%2D40483491%3Fcwreturn%3D1&service=bcr&cwtime=1723210815778,,2024-08-09T13:31:00Z,"Dolo k chyb pi naítání skriptu na této stránce. Tato chyba me být zpsobena pouitím rozíení prohlíee nebo blokátor, které mohou ovlivnit naítání stránky.
Pro správnou funknost stránky prosíme, deakti… [+275 chars]"
"{'id': None, 'name': 'Deadline'}",Dessi Gomez,Everything We Know About ‘My Life With The Walter Boys’ Season 2 So Far,More wrangling of the Walter Boys by one Jackie Howard (Nikki Rodriguez) and their mother Katherine (Sarah Rafferty) lies in store as the second season of the popular YA Netflix series My Life With the Walter Boys is on its way. Netflix swiftly renewed the sh…,http://deadline.com/feature/my-life-with-the-walter-boys-season-2-everything-we-know-1236048002/,https://deadline.com/wp-content/uploads/2023/11/My_Life_With_the_Walter_Boys_n_S1_E9_00_02_00_16_R.jpg?w=1024,2024-08-22T21:00:05Z,More wrangling of the Walter Boys by one Jackie Howard (Nikki Rodriguez) and their mother Katherine (Sarah Rafferty) lies in store as the second season of the popular YA Netflix series My Life With t… [+3938 chars]
"{'id': None, 'name': 'Amazon.com'}",aws@amazon.com,AWS Database Migration Service (DMS) expands DMS homogeneous data migrations feature to 29 AWS regions,"In June 2023, AWS Database Migration Service (DMS) launched a homogeneous data migration feature to simplify and accelerate like-to-like migrations to Amazon Relational Database Service (Amazon RDS) or Amazon Aurora. Today, we are pleased to announce that the…",https://aws.amazon.com/about-aws/whats-new/2024/08/aws-dms-homogeneous-data-migrations-feature-29-regions,https://a0.awsstatic.com/libra-css/images/logos/aws_logo_smile_1200x630.png,2024-08-02T17:00:00Z,"In June 2023, AWS Database Migration Service (DMS) launched a homogeneous data migration feature to simplify and accelerate like-to-like migrations to Amazon Relational Database Service (Amazon RDS) … [+1609 chars]"
"{'id': None, 'name': 'Olhardigital.com.br'}",Flavia Correia,Canadá anuncia primeiro complexo mundial de remoção de carbono,"Primeira instalação de captura de carbono do mundo promete remover 3.000 toneladas de CO2 do ar anualmente
O post Canadá anuncia primeiro complexo mundial de remoção de carbono apareceu primeiro em Olhar Digital.",https://olhardigital.com.br/2024/08/19/ciencia-e-espaco/canada-anuncia-primeiro-centro-mundial-de-remocao-de-carbono/,https://olhardigital.com.br/wp-content/uploads/2024/08/Deep-Sky-remocao-de-carbono-scaled.jpg,2024-08-19T13:26:49Z,"Em um comunicado, a empresa Deep Sky, do Canadá, anunciou um plano ambicioso: construir o primeiro centro mundial dedicado à inovação e comercialização de tecnologias para remoção de carbono. O local… [+3277 chars]"
"{'id': None, 'name': 'Yahoo Entertainment'}",The Hockey News - Calgary Flames,Calgary Wranglers Bolster Roster with Key Signings Ahead of New Season,"As the Calgary Flames go through a rebuild/retool and players from the AHL make their way into the NHL on a more permanent basis, could the future of the Calgary Wranglers be arriving just in time? The AHL’s Calgary Wranglers have announced the signings of fo…",https://sports.yahoo.com/calgary-wranglers-bolster-roster-key-183000253.html,https://media.zenfs.com/en/the_hockey_news_calgary_flames_articles_103/cdc5b09ad267cfb186562edaf3e1892e,2024-08-03T18:30:00Z,"As the Calgary Flames go through a rebuild/retool and players from the AHL make their way into the NHL on a more permanent basis, could the future of the Calgary Wranglers be arriving just in time?
… [+2343 chars]"
"{'id': None, 'name': 'Atxjetsetter.com'}",ATX Jetsetter,WestJet Forced to Ground 10% of its Fleet After Hailstorm,"WestJet, the second largest carrier in Canada, has been forced to ground 10% of its fleet after a hailstorm hit its Calgary hub.
The post WestJet Forced to Ground 10% of its Fleet After Hailstorm appeared first on ATX Jetsetter.",https://atxjetsetter.com/post/westjet-forced-to-ground-fleet-after-hailstorm/,https://atxjetsetter.com/wp-content/uploads/2024/07/1970-01-1_9815_img_66a54297e5222.jpg,2024-08-08T00:53:29Z,"WestJet, the second largest airline in Canada, has been forced to ground 10% of its fleet after a hailstorm hit the carrier’s Calgary hub. On Monday evening, severe weather moved through the area whi… [+2982 chars]"
"{'id': None, 'name': 'Ahouseinthehills.com'}",Zoe Harrison,Transforming Your Home with Bay Windows: A Modern Update,"Bay windows are a timeless architectural feature that can significantly enhance the appearance and functionality of your Calgary home, as their unique design adds a touch of elegance, and brings practical benefits that can transform your living space. If you’…",https://ahouseinthehills.com/transforming-your-home-with-bay-windows-a-modern-update/,https://d5t3j6u2.rocketcdn.me/wp-content/uploads/2024/08/Transforming-Your-Home-with-Bay-Windows-A-Modern-Update.webp,2024-08-16T11:30:39Z,"Bay windows are a timeless architectural feature that can significantly enhance the appearance and functionality of your Calgary home, as their unique design adds a touch of elegance, and brings prac… [+4486 chars]"
"{'id': None, 'name': 'Papelpop.com'}",Catharina Dourado,“Minha Vida com a Família Walter”: Netflix inicia produção da segunda temporada,"As filmagens da segunda temporada de “Minha Vida com a Família Walter” já começaram em Calgary, no Canadá, de acordo com a plataforma de streaming Netflix. Veja o anúncio, feito nesta quarta-feira (14): My Life with the Walter Boys Season 2 is now in producti…",https://www.papelpop.com/2024/08/minha-vida-com-a-familia-walter-netflix-inicia-producao-da-segunda-temporada/,https://assets.papelpop.com/wp-content/uploads/2024/08/walterboys.png,2024-08-14T22:15:35Z,"As filmagens da segunda temporada de Minha Vida com a Família Walter já começaram em Calgary, no Canadá, de acordo com a plataforma de streaming Netflix.
Veja o anúncio, feito nesta quarta-feira (14… [+806 chars]"
"{'id': None, 'name': 'Yahoo Entertainment'}",The Hockey News - Calgary Flames,Jarome Iginla Honored Twice: Alberta Hockey Hall of Fame and ESPN Top 25,Former Calgary Flames icon Jarome Iginla was recognized twice in the past week.,https://sports.yahoo.com/jarome-iginla-honored-twice-alberta-001346527.html,https://media.zenfs.com/en/the_hockey_news_calgary_flames_articles_103/c213124e6c18d40baf2d07308a3a9746,2024-08-02T00:13:46Z,"Calgary Flames legend Jarome Iginla was honored twice this past week, adding to his impressive list of NHL accolades.
First, Iginla was inducted into the Alberta Hockey Hall of Fame alongside Kelly … [+2460 chars]"
"{'id': None, 'name': 'Yahoo Entertainment'}",The Hockey News - Buffalo Sabres,Best Trades In Buffalo Sabres History - #13,Buffalo acquires Drury in a four-player deal with Calgary in 2003,https://consent.yahoo.com/v2/collectConsent?sessionId=1_cc-session_8f168f3f-beb8-4e9a-9137-d703be7c7f78,,2024-08-06T18:18:48Z,"If you click 'Accept all', we and our partners, including 237 who are part of the IAB Transparency &amp; Consent Framework, will also store and/or access information on a device (in other words, use … [+678 chars]"
"{'id': None, 'name': 'Yahoo Entertainment'}",The Hockey News - Calgary Flames,How Former Flames Defenceman's Gamble Backfired in Free Agency,Oliver Kylington hopes to renew career with Avalanche after rejecting Calgary Flames offer,https://sports.yahoo.com/former-flames-defencemans-gamble-backfired-120000842.html,https://media.zenfs.com/en/the_hockey_news_calgary_flames_articles_103/39643849a7a11517aa4b4698d68448ce,2024-08-11T12:00:00Z,There's no sugarcoating the management of Oliver Kylington's unrestricted free agent status this summer. It's a complete failure that the 27-year-old defenceman is no longer a member of the Calgary F… [+2350 chars]
"{'id': None, 'name': 'Yahoo Entertainment'}",The Hockey News - Calgary Flames,2 Former Flames Among Worst 2024 UFA Signings: Was Calgary Right?,Two former Calgary Flames players ranked among this summer's worst free-agency signings.,https://sports.yahoo.com/2-former-flames-among-worst-143000023.html,https://media.zenfs.com/en/the_hockey_news_calgary_flames_articles_103/e19a77a8f24b87ae9c460782f237b7c5,2024-08-12T14:30:00Z,"Two former Calgary Flames players, Sean Monahan and Nikita Zadorov, have been listed among the summer's worst free-agency signings, according to Adam Gretz of Bleacher Report. Both players, Monahan w… [+3638 chars]"
"{'id': None, 'name': 'Yahoo Entertainment'}",The Hockey News - Calgary Flames,Former Flames Forward On Outs With the NHL Training for a Comeback,Former Calgary Flames forward Milan Lucic is training in the hopes of making an NHL comeback.,https://sports.yahoo.com/former-flames-forward-outs-nhl-192500718.html,https://media.zenfs.com/en/the_hockey_news_calgary_flames_articles_103/365ced8d040c6a02b809736f4ea15152,2024-08-15T19:25:00Z,"Former Calgary Flames' forward Milan Lucic is reportedly eyeing an NHL comeback, but Gary Bettman and the league would need to reinstate him following his 2023 arrest.
Ahead of potentially signing a… [+1948 chars]"
"{'id': None, 'name': 'Mein-deal.com'}",Tom," El Fuego Holzkohlegrill Calgary für 105,94€ (statt 129€)","Das Konzept hat was, oder? Ich meine die Luke zum nachfüllen von Holzkohle. Anscheinend entwickeln sich die Holzkohlegrills auch weiter und nicht nur die",https://www.mein-deal.com/el-fuego-holzkohlegrill-calgary/,https://www.mein-deal.com/wp-content/uploads//2024/08/chrome_ZoAroefVzr-e1722691802761.jpg,2024-08-03T13:32:57Z,"Das Konzept hat was, oder? Ich meine die Luke zum nachfüllen von Holzkohle. Anscheinend entwickeln sich die Holzkohlegrills auch weiter und nicht nur die Varianten mit Gas. Der Vorteil von Holzkohleg… [+977 chars]"
"{'id': 'cbc-news', 'name': 'CBC News'}",,World's most effective climate policies identified in new study,"Countries around the world have implemented carbon pricing, electric vehicle incentives and more than 1,000 other policies in an effort to cut carbon emissions and slow climate change. But which ones actually work? A new global study has identified 63 of the …",https://www.cbc.ca/news/science/effective-climate-policies-1.7301998,https://i.cbc.ca/1.7302007.1724344743!/cpImage/httpImage/image.jpg_gen/derivatives/16x9_620/california-electric-vehicles.jpg,2024-08-22T18:00:00Z,"Countries around the world have implemented carbon pricing, electric vehicle incentives and thousands of other policies in an effort to cut carbon emissions and slow climate change. But which ones ac… [+6268 chars]"
"{'id': None, 'name': 'Yahoo Entertainment'}",The Hockey News,Calgary Flames Re-Sign Dustin Wolf to Two-Year Extension,Wolf was drafted by the Flames in the seventh round of the 2019 NHL Draft,https://consent.yahoo.com/v2/collectConsent?sessionId=1_cc-session_f01c15b4-8f10-4d0c-9db1-56ff39d75ab3,,2024-08-01T12:04:11Z,"If you click 'Accept all', we and our partners, including 237 who are part of the IAB Transparency &amp; Consent Framework, will also store and/or access information on a device (in other words, use … [+678 chars]"
"{'id': None, 'name': 'Yahoo Entertainment'}",The Hockey News - Calgary Flames,Calgary Flames' Rebuild Faces Tough Test in Unpredictable Pacific Division,"The Calgary Flames enter the 2024-25 season in a rebuild, facing an unpredictable Pacific Division with a mix of elite teams and rebuilding franchises, making their path forward uncertain.",https://consent.yahoo.com/v2/collectConsent?sessionId=1_cc-session_c3867e45-4774-4fcb-9905-e09ebf95b85b,,2024-08-08T20:00:00Z,"If you click 'Accept all', we and our partners, including 237 who are part of the IAB Transparency &amp; Consent Framework, will also store and/or access information on a device (in other words, use … [+678 chars]"
"{'id': None, 'name': 'Yahoo Entertainment'}",The Hockey News,Calgary Wranglers Sign Four Players to AHL Contracts,"Connor Murphy, Charles Martin, Deni Goure, and Connor Mylymok sign new deals",https://sports.yahoo.com/calgary-wranglers-sign-four-players-161400529.html,https://media.zenfs.com/en/the_hockey_news_articles_331/a37b88dc094d8cbedcd559123c3f094b,2024-08-03T16:14:00Z,"The Calgary Wranglers announced they have signed goaltender Connor Murphy, defenseman Charles Martin, and forwards Deni Goure and Connor Mylymok to AHL contracts.
Murphy is the lone player who appea… [+1288 chars]"
"{'id': None, 'name': 'MetalSucks'}",Hesher Keenan,"Death Angel Drops Off of W.A.S.P. Tour, Armored Saint Takes Their Place","It's all due to ""unforeseen circumstances.""
The post Death Angel Drops Off of W.A.S.P. Tour, Armored Saint Takes Their Place appeared first on MetalSucks.",https://www.metalsucks.net/2024/08/12/death-angel-drops-off-of-w-a-s-p-tour-armored-saint-takes-their-place/,https://cdn-p.smehost.net/sites/2ed48fdcc3904f548299cd86d78e9885/wp-content/uploads/2023/06/2.-Death-Angel_A99A6581-680x453.jpg,2024-08-12T17:53:40Z,"If you’ve got tickets to see W.A.S.P. later this year, you may want to pay attention to this bit of news. Due to what’s being described as “unforeseen circumstances,” Death Angel announced that they’… [+2397 chars]"
"{'id': None, 'name': 'Yahoo Entertainment'}",The Hockey News,Alumni: Flames Re-Sign Defensive Prospect,"The Calgary Flames have re-signed 22-year old defender Yan Kuznetsov to a one-year, two-way deal worth $0.775 million per Tim Hiebert of The Hockey News. Kuznetsov, Calgary's 2020 2nd rounder, played mostly in the AHL with the Calgary Wranglers notching up 13…",https://sports.yahoo.com/alumni-flames-sign-defensive-prospect-200233655.html,https://media.zenfs.com/en/the_hockey_news_articles_331/53517ecc8856025651ecb608a8018afc,2024-08-12T20:02:33Z,"The Calgary Flames have re-signed 22-year old defender Yan Kuznetsov to a one-year, two-way deal worth $0.775 million per Tim Hiebert of The Hockey News.
Kuznetsov, Calgary's 2020 2nd rounder, playe… [+874 chars]"
"{'id': None, 'name': 'Idnes.cz'}",ČTK,V 58 letech zemřela bývalá mistryně světa v běhu na lyžích Dybendahlová,V 58 letech zemřela někdejší úspěšná běžkyně na lyžích a soupeřka Kateřiny Neumannové Norka Trude Dybendahlová. Bez bližších podrobností o tom informovala norská média,https://www.idnes.cz/sport/lyzovani-snowboarding/trude-dybendahlova.A240823_172131_lyzovani_rou,https://1gr.cz/tempimg/fb/2024/8/ROU915fc1925f_dybend.jpg,2024-08-23T15:21:00Z,"V medailové sbírce Dybendahlové záily nejvíce zlato z mistrovství svta ve Val di Fiemme v roce 1991 z ptikilometrové trati a ti olympijská stíbra, vechna ze tafet.
S nimi skonila rodaka z Osla druhá… [+272 chars]"
"{'id': None, 'name': 'Yahoo Entertainment'}",The Hockey News - Buffalo Sabres,Sabres Have Fascinating Trade Target from Flames,The Buffalo Sabres could look for forward help from the Calgary Flames.,https://consent.yahoo.com/v2/collectConsent?sessionId=1_cc-session_488b86d8-d00d-4965-bbd5-4fd232ee356f,,2024-07-31T11:16:53Z,"If you click 'Accept all', we and our partners, including 237 who are part of the IAB Transparency &amp; Consent Framework, will also store and/or access information on a device (in other words, use … [+678 chars]"
"{'id': None, 'name': 'Consequence.net'}",Jon Hadusek,Sebastian Bach Announces Fall 2024 North American Tour,"More dates in support of Baz's latest solo album Child Within the Man.
Sebastian Bach Announces Fall 2024 North American Tour
Jon Hadusek",https://consequence.net/2024/08/sebastian-bach-fall-2024-north-american-tour/,https://consequence.net/wp-content/uploads/2024/08/sebastian-bach-2024-tour-1.jpg,2024-08-22T14:39:10Z,"Sebastian Bach has added Fall 2024 North American tour dates as he continues to support his latest solo album, Child Within the Man.
The extensive run kicks off October 4th in Portland, Oregon, and … [+2800 chars]"
"{'id': None, 'name': 'Consequence.net'}",Jo Vito,"Godspeed You! Black Emperor Announce New Album NO TITLE AS OF 13 FEBRUARY 2024 28,340 DEAD","The Canadian post-rock outfit's sixth album is due out in October.
Godspeed You! Black Emperor Announce New Album NO TITLE AS OF 13 FEBRUARY 2024 28,340 DEAD
Jo Vito",https://consequence.net/2024/08/godspeed-you-black-emperor-no-title-stream/,https://consequence.net/wp-content/uploads/2021/03/Godspeed-You-Black-Emperor.jpeg,2024-08-28T13:25:06Z,"Godspeed You! Black Emperor are back, as they’ve announced their eighth studio album, NO TITLE AS OF 13 FEBRUARY 2024 28,340 DEAD.
Due on October 4th via Constellation, NO TITLE AS OF 13 FEBRUARY 20… [+3661 chars]"
"{'id': None, 'name': 'Consequence.net'}",Spencer Kaufman,In This Moment Announce Fall 2024 North American Tour,"In This Moment have announced the North American ""Godmode Tour Part 2,"" featuring Kim Dracula, Nathan James, and Mike's Dead. Get the dates and ticket info.",https://consequence.net/2024/08/in-this-moment-fall-2024-north-american-tour/,https://consequence.net/wp-content/uploads/2024/02/In-This-Moment.jpg,2024-08-21T19:22:39Z,"In This Moment have announced “The Godmode Tour Part 2,” set to hit North American this fall. The outing will feature special guests Kim Dracula, Nathan James, and Mike’s Dead.
The fall tour kicks o… [+2781 chars]"
"{'id': None, 'name': 'Bringatrailer.com'}",bringatrailer,2007 Campagna T-Rex at No Reserve,"This 2007 Campagna T-Rex is a two-seat, three-wheeled motor vehicle that is finished in green with World War Two bomber-style graphics over a black tubular steel frame. The drivetrain is derived from a Kawasaki ZX-14R, and power is from a 1,352cc inline-four …",https://bringatrailer.com/listing/2007-campagna-t-rex-2/,https://bringatrailer.com/wp-content/uploads/2024/07/2007_campana_t-rex_5c19fa39-f20f-437d-a177-b45b2d727af6_1_105_c-73864.jpeg,2024-08-13T22:17:28Z,"This 2007 Campagna T-Rex is a two-seat, three-wheeled motor vehicle that is finished in green with World War Two bomber-style graphics over a black tubular steel frame. The drivetrain is derived from… [+2494 chars]"
"{'id': 'cbc-news', 'name': 'CBC News'}",,The case of the missing Melona bars: Why the icy Korean treats are suddenly so hard to find in Canada,"Once a delicacy found only in Asian specialty stores, the Korean frozen dessert bar brand Melona eventually became a staple in Canadian grocery stores. But shoppers and suppliers have notices that they've recently disappeared. CBC News looks into what's behin…",https://www.cbc.ca/news/business/melona-korean-popsicle-canadian-retailers-1.7278870,https://i.cbc.ca/1.7278973.1722278833!/fileImage/httpImage/image.jpg_gen/derivatives/16x9_620/melona.jpg,2024-07-31T08:00:00Z,"Bronwyn Chhay runs an ice cream cart every summer at a Calgary park. Yet she noticed in July that one of her most popular treats  Melona, a creamy Korean brand of frozen dessert bar  was proving incr… [+4698 chars]"
"{'id': 'cbc-news', 'name': 'CBC News'}",,Yellowknife evacuated one year ago. Are residents more prepared for the next emergency?,"Yellowknife residents got the order to evacuate exactly one year ago as of Friday. Since that emergency, people across the city — from parents, to governments, to non-profits — told CBC they have been trying to figure out how they can be better prepared in th…",https://www.cbc.ca/news/canada/north/emergency-preparations-yellowknife-evacuation-1.7296724,https://i.cbc.ca/1.6941663.1692469978!/fileImage/httpImage/image.jpg_gen/derivatives/16x9_620/operation-lentus-yellowknife-2023.jpg,2024-08-16T18:36:11Z,"These days, Bobby Drygeese tries to fill up his vehicle as soon as it gets below half a tank of gas in case he has to leave Dettah in a hurry.
He also keeps his boat fuelled and ready if there are a… [+4590 chars]"
"{'id': None, 'name': 'Forbes'}","Jamie Carter, Senior Contributor, 
 Jamie Carter, Senior Contributor
 https://www.forbes.com/sites/jamiecartereurope/",See A Spectacular ‘Sunset Eclipse’ In The U.S. Exactly 20 Years Today,"If you saw April’s total solar eclipse in NOrth America, you’ll know that straining to see it so high in the sky was Every eclipse has an end, and thus has a chance of...",https://www.forbes.com/sites/jamiecartereurope/2024/08/23/see-a-spectacular-sunset-eclipse-in-the-us-exactly-20-years-today/,https://imageio.forbes.com/specials-images/imageserve/66c463b98d2101605b86976a/0x0.jpg?format=jpg&height=900&width=1600&fit=bounds,2024-08-23T10:00:00Z,"Aug. 23, 2044exactly 20 years from todaywill see a very special total solar eclipse in North ... [+] America.
getty
If you saw Aprils total solar eclipse in North America, youll know that we all ha… [+4037 chars]"
"{'id': None, 'name': 'Forbes'}","Stephanie Gravalese, Contributor, 
 Stephanie Gravalese, Contributor
 https://www.forbes.com/sites/stephaniegravalese/",Bravo's Top Chef Heads To Canada For Season 22,"Top Chef Season 22 is heading to Canada! Learn about the announcement,, judges' reactions, and impact on tourism. Premieres 2025.",https://www.forbes.com/sites/stephaniegravalese/2024/08/08/bravos-top-chef-heads-to-canada-for-season-22/,https://imageio.forbes.com/specials-images/imageserve/66b5098c01622de499e31093/0x0.jpg?format=jpg&height=900&width=1600&fit=bounds,2024-08-08T18:41:55Z,"TOP CHEF ""Goodbye, Wisconsin"" Episode 2112 Pictured: (l-r) Kristen Kish, Tom Colicchio, Gail ... [+] Simmons (Photo by: David Moir/Bravo via Getty Images)
David Moir/Bravo via Getty Images
The culi… [+5672 chars]"
"{'id': None, 'name': 'Www.dn.se'}",Mac Larsson,DN listar: Svenskarna som bytt NHL-klubb i sommar,Stjärnmålvakter med nya klubbadresser och brödrapar som ska spela tillsammans. DN listar några intressanta svenska namn som bytt NHL-klubb under sommaren.,https://www.dn.se/sport/dn-listar-svenskarna-som-bytt-nhl-klubb-i-sommar/,"https://static.bonniernews.se/gcs/bilder/dn-mly/b8d8131d-fa2b-4a48-b3e6-0797767660a8.jpeg?interpolation=lanczos-none&fit=around%7C1024:576&crop=1024:h;center,top&output-quality=80",2024-08-23T08:25:15Z,"Linus Ullmark, Ottawa
Linus Ullmark (höger) och Jeremy Swayman har gjort sig kända för att ha en bra relation och stötta varandra trots att man konkurrerar om samma position.Foto: Michael Dwyer/AP
… [+5277 chars]"
"{'id': None, 'name': 'Yahoo Entertainment'}",The Hockey News - Ottawa Senators,Ottawa Senators Play by Play Announcer Leaves For New Position Out West,Jon Abbott leaves his role as TSN's play-by-play announcer on Senator games for a new job calling Calgary Flames games with Sportsnet.,https://consent.yahoo.com/v2/collectConsent?sessionId=1_cc-session_b22cd73b-a67c-4383-b0a6-eb27a0819c96,,2024-08-26T17:27:52Z,"If you click 'Accept all', we and our partners, including 237 who are part of the IAB Transparency &amp; Consent Framework, will also store and/or access information on a device (in other words, use … [+678 chars]"
"{'id': None, 'name': 'Brit + Co'}",Chloe Williams​,'My Life With The Walter Boys' Season 2 Is Officially Filming! Here's When To Expect New Episodes.,"Drama lovers are living large thanks to The Summer I Turned Pretty, Sweet Magnolias, and now My Life With The Walter Boys season 2! The show (which is basically Friday Night Lights meets Dawson's Creek) spent some time at the number one spot on Netflix’s Glob…",https://www.brit.co/my-life-with-the-walter-boys-season-2-netflix/,https://www.brit.co/media-library/my-life-with-the-walter-boys-season-2.jpg?id=52237593&width=1200&height=600&coordinates=0%2C0%2C0%2C0,2024-08-14T19:58:00Z,"Drama lovers are living large thanks to The Summer I Turned Pretty, Sweet Magnolias, and now My Life With The Walter Boys season 2! The show (which is basically Friday Night Lights meets Dawson's Cre… [+3418 chars]"
"{'id': None, 'name': 'blogTO'}",Becky Robertson,Experts say Toronto real estate prices are finally going to drop later this year,"Even if realtors insist that home prices in and around Toronto are on the verge of another spike, after months of unprecedentedly low activity and record-high inventory, other experts are predicting the complete opposite.
One could argue that the latest mark…",https://www.blogto.com/real-estate-toronto/2024/08/toronto-real-estate-prices-drop/,https://media.blogto.com/articles/20240812-toronto-real-estate.jpg?w=1200&cmd=resize_then_crop&height=630&quality=70,2024-08-12T19:07:45Z,"Even if realtors insist that home prices in and around Toronto are on the verge of another spike, after months of unprecedentedly low activity and record-high inventory, other experts are predicting … [+2082 chars]"
"{'id': None, 'name': 'blogTO'}",Irish Mae Silvestre,Global Affairs is hiring admin staff across Canada and salaries start at nearly $74k,"Global Affairs Canada (GAC) has openings for several administrative jobs at the moment. In these roles, you can contribute to Canada's international mission.
The government department manages diplomatic relations, promotes international trade, and provides c…",https://www.blogto.com/city/2024/08/global-affairs-hiring-canada-salaries-74k/,https://media.blogto.com/articles/20240821-canada-jobs-0.jpg?w=1200&cmd=resize_then_crop&height=630&quality=70,2024-08-21T12:01:01Z,"Global Affairs Canada (GAC) has openings for several administrative jobs at the moment. In these roles, you can contribute to Canada's international mission.
The government department manages diplom… [+2153 chars]"
"{'id': None, 'name': 'Orf.at'}",ORF.at,Feuerwehrmann starb bei Waldbrand in Kanada,,https://orf.at/stories/3365655/,https://orf.at/mojo/1_4_1/storyserver//news/common/images/og-fallback-news.png,2024-08-04T21:18:04Z,"Im Westen Kanadas ist ein Feuerwehrmann bei der Bekämpfung des Waldbrands im Nationalpark Jasper ums Leben gekommen. Der aus Calgary stammende 24-Jährige sei gestern gestorben, nachdem er von einem u… [+560 chars]"
"{'id': None, 'name': 'Olhardigital.com.br'}",Kelvin Leão Nunes da Costa,10 melhores filmes sobre Olimpíadas e atletas olímpicos para assistir online,"Selecionamos dez filmes que capturam a essência e o espírito das Olimpíadas e dos atletas olímpicos e que você pode assistir online!
O post 10 melhores filmes sobre Olimpíadas e atletas olímpicos para assistir online apareceu primeiro em Olhar Digital.",https://olhardigital.com.br/2024/07/31/cinema-e-streaming/10-melhores-filmes-sobre-olimpiadas-e-atletas-olimpicos-para-assistir-online/,https://img.odcdn.com.br/wp-content/uploads/2024/07/Design-sem-nome-12-3-scaled.jpg,2024-07-31T10:20:00Z,"As Olimpíadas são um dos maiores eventos esportivos do mundo, celebrando a dedicação, a força e o espírito competitivo dos atletas de elite.
Para entrar no clima olímpico, que tal assistir a alguns … [+5851 chars]"
"{'id': None, 'name': 'Yahoo Entertainment'}",The Canadian Press,TC Energy signs deal to sell minority stake in pipeline to Indigenous groups,CALGARY — TC Energy Corp. is selling a minority stake in its Western Canadian natural gas transmission network to a consortium of Indigenous communities for $1 billion.,https://consent.yahoo.com/v2/collectConsent?sessionId=1_cc-session_3f062b3c-e638-486a-80de-b4dc806fa1c9,,2024-07-30T16:06:16Z,"If you click 'Accept all', we and our partners, including 237 who are part of the IAB Transparency &amp; Consent Framework, will also store and/or access information on a device (in other words, use … [+678 chars]"
"{'id': None, 'name': 'Yahoo Entertainment'}",The Hockey News - Calgary Flames,Offer Sheet Candidates the Flames Might Look at Next Summer,"The Calgary Flames aren't in a window to contend right now, but might there be any RFAs worthy of offer sheets next summer?",https://sports.yahoo.com/offer-sheet-candidates-flames-might-182000158.html,https://media.zenfs.com/en/the_hockey_news_calgary_flames_articles_103/283aa4ef1d7a94f10f3438fe36643dc7,2024-08-20T18:20:00Z,"As the Edmonton Oilers navigated their options and declined the offer sheets for two players (Philip Broberg and Dylan Holloway), talks of RFAs and offer sheets across the NHL will continue, with eve… [+5405 chars]"
"{'id': None, 'name': 'Mundodeportivo.com'}",EFE EFE,La reacción de Adri Arnaus (64) llega tarde en la República Checa,"El golfista francés David Ravetto, con un total de 265 golpes, conquistó este domingo el D+D Masters de la República Checa y firmó la primera victoria de su carrera en el DP World Tour tras una jornada final en la que el español Adri Arnaus (64), autor de och…",https://www.mundodeportivo.com/golf/20240818/1002300245/david-ravetto-conquista-masters-r-checa-firma-primera-victoria-carrera.html,https://www.mundodeportivo.com/files/og_thumbnail/files/fp/uploads/2024/08/18/66c253e5495d7.r_d.2470-1768-2514.jpeg,2024-08-18T20:10:29Z,"El golfista francés David Ravetto, con un total de 265 golpes, conquistó este domingo el D+D Masters de la República Checa y firmó la primera victoria de su carrera en el DP World Tour tras una jorna… [+1297 chars]"
"{'id': None, 'name': 'Yahoo Entertainment'}",The Hockey News - Calgary Flames,Flames' Imminent Superiority Over Oilers: Columnist Offers Misleading Narrative,"The idea of Calgary soon being better than Edmonton is nice for Flames fans in theory, but a stretch from reality...",https://consent.yahoo.com/v2/collectConsent?sessionId=2_cc-session_e73b474c-7d9e-4b49-9af9-5ab30593aa3c,,2024-08-12T18:00:00Z,"If you click 'Accept all', we and our partners, including 237 who are part of the IAB Transparency &amp; Consent Framework, will also store and/or access information on a device (in other words, use … [+678 chars]"
"{'id': None, 'name': 'MMA Mania'}",Ryan Harkness,UFC Headed To Edmonton With ‘Thug Rose’ And ‘Black Beast’,UFC CEO Dana White announced a new Edmonton show along with a promise to return to Canada more often moving forward.,https://www.mmamania.com/2024/8/15/24220965/ufc-returns-to-edmonton-on-november-2nd-with-rose-namajunas-and-derrick-lewis-fights,https://cdn.vox-cdn.com/thumbor/4kypDIhdgL3a9zCUseBV5arUiFc=/0x295:7032x3977/fit-in/1200x630/cdn.vox-cdn.com/uploads/chorus_asset/file/25573491/2161944009.jpg,2024-08-15T12:42:05Z,"Photo by Josh Hedges/Zuffa LLC via Getty Images

 

 UFC CEO Dana White announced a new Edmonton show along with a promise to return to Canada more often moving forward. The UFC will return to Canad… [+1726 chars]"
"{'id': None, 'name': ""Tom's Guide""}",Nassim Chentouf,"Cette arnaque au stationnement est redoutable, comment ne se pas se faire piéger ?","Cette nouvelle arnaque au stationnement est redoutable, imitant parfaitement des contraventions pour vider votre compte bancaire. Répandue en Amérique du Nord, elle pourrait arriver chez nous.
L’article Cette arnaque au stationnement est redoutable, comment n…",https://www.tomsguide.fr/cette-arnaque-au-stationnement-est-redoutable-comment-ne-se-pas-se-faire-pieger/,https://www.tomsguide.fr/content/uploads/sites/2/2024/08/parking-arnaque-stationnement.jpg,2024-08-21T18:10:08Z,"Cette nouvelle arnaque au stationnement est redoutable, imitant parfaitement des contraventions pour vider votre compte bancaire. Répandue en Amérique du Nord, elle pourrait arriver chez nous.© Envat… [+2639 chars]"
"{'id': None, 'name': 'kicker'}",kicker,Geschichtsträchtig: Sprinterin Burghardt gelingt ein Kunststück,Die Leichtathletin Alexandra Burghardt hat durch Bronze mit der deutschen Sprint-Staffel auch ein Stück deutsche Olympia-Geschichte geschrieben.,https://www.kicker.de/geschichtstraechtig-sprinterin-burghardt-gelingt-ein-kunststueck-1043585/artikel,https://derivates.kicker.de/image/upload/c_crop%2Cx_0%2Cy_152%2Cw_4000%2Ch_2250/w_1200%2Cq_auto/v1/2024/08/10/17dff135-1f32-4466-b322-dd3c9cfdbc69.jpeg,2024-08-10T08:19:28Z,"Die Leichtathletin Alexandra Burghardt hat durch Bronze mit der deutschen Sprint-Staffel auch ein Stück deutsche Olympia-Geschichte geschrieben. 
 Burghardt gelang damit als erster Sportlerin seit d… [+2064 chars]"
"{'id': None, 'name': 'iPhone in Canada'}",John Quintet,Uber Eats Brings Cannabis Delivery to Alberta,"Uber Eats announced today that Albertans can order legal cannabis for home delivery through a partnership with Leafly starting on Tuesday, July 30. The service allows residents aged 18 and older to place orders from local licensed cannabis retailers via the U…",https://www.iphoneincanada.ca/2024/07/29/uber-eats-cannabis-delivery-alberta/,https://cdn.iphoneincanada.ca/wp-content/uploads/2017/09/iic-logo-1.svg,2024-07-29T17:14:47Z,"Uber Eats announced today that Albertans can order legal cannabis for home delivery through a partnership with Leafly starting on Tuesday, July 30.
The service allows residents aged 18 and older to … [+1435 chars]"
"{'id': None, 'name': 'Yahoo Entertainment'}",The Hockey News - Calgary Flames,Oliver Kylington Leaves Flames to Sign UFA Deal with Avalanche,"Oliver Kylington has officially parted ways with the Calgary Flames, signing a one-year contract with the Colorado Avalanche as he seeks to re-establish his career in the NHL.",https://sports.yahoo.com/oliver-kylington-leaves-flames-sign-204500354.html,https://media.zenfs.com/en/the_hockey_news_calgary_flames_articles_103/2669c70e204bc736b9640d97001b208c,2024-08-05T20:45:00Z,"Choosing to leave the Calgary Flames as an unrestricted free agent, defenseman Oliver Kylington has signed a one-year contract with the Colorado Avalanche. Elliotte Friedman reports the deal is value… [+1607 chars]"
"{'id': None, 'name': 'Yahoo Entertainment'}",The Hockey News - Calgary Flames,Flames Should Consider Trading Rasmus Andersson Ahead of the Trade Deadline,"Rasmus Andersson might be the next logical piece of the Calgary Flames' recent sell-off. As the Flames rebuild by trading key players for draft picks and younger talent, Andersson's role and future with the team is questionable.",https://consent.yahoo.com/v2/collectConsent?sessionId=1_cc-session_26d74626-255c-4735-a05c-44f214eccc48,,2024-08-02T23:30:00Z,"If you click 'Accept all', we and our partners, including 237 who are part of the IAB Transparency &amp; Consent Framework, will also store and/or access information on a device (in other words, use … [+678 chars]"
"{'id': None, 'name': 'Yahoo Entertainment'}",The Hockey News,Calgary Flames Ink Yan Kuznetsov & Adam Klapka to One-Year Deals,Kuznetsov and Klapka both spent time with the Wranglers last season,https://sports.yahoo.com/calgary-flames-ink-yan-kuznetsov-064700276.html,https://media.zenfs.com/en/the_hockey_news_articles_331/0248b57c757966ef28bc009c85536055,2024-08-13T06:47:00Z,"The Calgary Flames have signed defenseman Yan Kuznetsov and forward Adam Klapka to one-year, two-way deals, the team announced Monday.
The deals will see both players make $775,000 at the NHL level.… [+1285 chars]"
"{'id': None, 'name': 'NBCSports.com'}",NBC Sports,Cleveland Cavaliers founder and former Guardians owner Nick Mileti dies at 93,"“Nick Mileti changed the course of Cleveland sports history, and his passion and commitment will be deeply missed.”",https://www.nbcsports.com/nba/news/cleveland-cavaliers-founder-and-former-guardians-owner-nick-mileti-dies-at-93,https://s.yimg.com/ny/api/res/1.2/b1i5ENSUq4VJTwSnRMy7hw--/YXBwaWQ9aGlnaGxhbmRlcjt3PTEyMDA7aD02NzU-/https://media.zenfs.com/en/nbcsports.com/cbd161fa5102f7fa46024b5f77a1cc3b,2024-08-22T22:48:23Z,"Indiana Pacers v Cleveland Cavaliers - Game One
CLEVELAND (AP) Nick Mileti, who helped found the Cleveland Cavaliers and became a prominent figure in the city's sports landscape in the 1970s, has di… [+2546 chars]"
"{'id': 'cbc-news', 'name': 'CBC News'}",,Body of British businessman Mike Lynch recovered from deadly Italian yacht accident,The Italian Coast Guard said Thursday the body of British tech magnate Mike Lynch is among those recovered off the coast of Sicily from the wreckage of a superyacht whose builders had called it unsinkable.,https://www.cbc.ca/news/world/italian-yacht-accident-lynch-1.7301704,https://i.cbc.ca/1.7301744.1724331856!/fileImage/httpImage/image.jpg_gen/derivatives/16x9_620/italy-boaters-missing.jpg,2024-08-22T13:36:34Z,The Italian Coast Guard said Thursday the body of British tech magnate Mike Lynch is among those recovered off the coast of Sicily from the wreckage of a superyacht whose builders had called it unsin… [+1293 chars]
"{'id': None, 'name': 'MetalSucks'}",Mihaela Petrescu,"Photos: Lamb of God, Mastodon, Kerry King, and Malevolence at Bell Centre in Montreal on August 1, 2024","You can still catch this one on tour.
The post Photos: Lamb of God, Mastodon, Kerry King, and Malevolence at Bell Centre in Montreal on August 1, 2024 appeared first on MetalSucks.",https://www.metalsucks.net/2024/08/05/photos-lamb-of-god-mastodon-kerry-king-and-malevolence-at-bell-centre-in-montreal-on-august-1-2024/,https://cdn-p.smehost.net/sites/2ed48fdcc3904f548299cd86d78e9885/wp-content/uploads/2024/08/4.-Lamb-Of-God-2934.jpg,2024-08-05T16:26:00Z,"Talk about a loaded lineup. Lamb of God and Mastodon are already an established kick ass show, they’ve toured so much together. Mastodon and Kerry King would be a great show too. But to have all thre… [+1455 chars]"
